Availability,Colors,Context_Identifier,Description,Execution_Id,Feed_Code,Price_Currency,Product_Id,Product_Price,Product_Title,Record_Create_By,Record_Create_Date,Site,Source,Source_Country,Type
InStock,"Black,Blue,White,Yellow,Grey",Home/Bags for her,"Mini chain bag in red calfskin, golden-finish clasp, golden hot-stamped “Cartier” signature on the inside. Two inside compartments, one flat pocket and one signature pocket with removable mirror. One pocket on the back. Lining: black lambskin. Dimensions: 140 mm high x 200 mm wide x 85 mm deep. Shoulder and cross-body carry.",,aeid5482,€,L1002357,3.150,"Chain bag mini, Panthère de Cartier",aeid5482_cartier,2022-11-04 14:21:43.034108,https://www.cartier.com,https://www.cartier.com/en-gr/chain-bag-mini-panthere-de-cartier_cod1647597286075043.html,Greece,Bag
InStock,Blue,Home/Bags for her,"Small handle bag in grey calfskin, golden and black enamel-finish clasp, golden hot-stamped “Cartier” signature inside. Two inside compartments, one flat pocket and one signature pocket with removable mirror. One external flat pocket on the back of the bag. Lining: black lambskin. Dimensions: 180 mm high x 210 mm wide x 90 mm deep. Hand and cross-body carry.",,aeid5482,€,L1002375,3.350,"Small model handle bag, Panthère de Cartier",aeid5482_cartier,2022-11-04 14:21:43.034108,https://www.cartier.com,https://www.cartier.com/en-gr/small-model-handle-bag-panthere-de-cartier_cod1647597286075070.html,Greece,Bag
InStock,,Home/Bags for her,"Mini handle bag in navy blue calfskin, black enamel and palladium-finish clasp, silver hot-stamped “Cartier” signature inside. Two inside compartments, one flat pocket and one signature pocket with removable mirror. One external flat pocket on the back of the bag. Lining: black lambskin. Dimensions: 150 mm high x 185 mm wide x 80 mm deep. Hand and cross-body carry.",,aeid5482,€,L1002374,2.910,"Handle bag mini, Panthère de Cartier",aeid5482_cartier,2022-11-04 14:21:43.034108,https://www.cartier.com,https://www.cartier.com/en-gr/handle-bag-mini-panthere-de-cartier_cod1647597286075067.html,Greece,Bag
InStock,"Green,Red,Black",Home/Bags for her,"Mini model handle bag in pale pink calfskin, palladium and black enamel-finish clasp, silver embossed “Cartier” signature inside. Two inside compartments, one flat pocket and one signature pocket with removable mirror. One external flat pocket on the back of the bag. Lining: black lambskin. Dimensions: 150 mm high x 185 mm wide x 80 mm deep. Hand and cross-body carry.",,aeid5482,€,L1002328,2.910,"Top handle bag mini model, Panthère de Cartier",aeid5482_cartier,2022-11-04 14:21:43.034108,https://www.cartier.com,https://www.cartier.com/en-gr/top-handle-bag-mini-model-panthere-de-cartier_cod29419655932707066.html,Greece,Bag
InStock,"Black,Red",Home/Bags for her,"Small handle bag in dark green calfskin, golden and black enamel-finish clasp, golden embossed “Cartier” signature inside. Two inside compartments, one flat pocket and one signature pocket with removable mirror. One external flat pocket on the back of the bag. Lining: black lambskin. Dimensions: 180 mm high x 210 mm wide x 80 mm deep. Hand and cross-body carry.",,aeid5482,€,L1002330,3.350,"Top handle bag small model, Panthère de Cartier",aeid5482_cartier,2022-11-04 14:21:43.034108,https://www.cartier.com,https://www.cartier.com/en-gr/top-handle-bag-small-model-panthere-de-cartier_cod29419655932707069.html,Greece,Bag
InStock,"Pink,Red,Black",Home/Bags for her,"Mini model handle bag in dark green calfskin, golden and black enamel-finish clasp, golden embossed “Cartier” signature inside. Two inside compartments, one flat pocket and one signature pocket with removable mirror. One external flat pocket on the back of the bag. Lining: black lambskin. Dimensions: 150 mm high x 185 mm wide x 80 mm deep. Hand and cross-body carry.",,aeid5482,€,L1002327,2.910,"Top handle bag mini model, Panthère de Cartier",aeid5482_cartier,2022-11-04 14:21:43.034108,https://www.cartier.com,https://www.cartier.com/en-gr/top-handle-bag-mini-model-panthere-de-cartier_cod29419655932707063.html,Greece,Bag
InStock,,Home/Bags for her,"Mini handle bag in grey calfskin, golden and black enamel-finish clasp, golden hot-stamped “Cartier” signature inside. Two inside compartments, one flat pocket and one signature pocket with removable mirror. One external flat pocket on the back of the bag. Lining: black lambskin. Dimensions: 150 mm high x 185 mm wide x 80 mm deep. Hand and cross-body carry.",,aeid5482,€,L1002376,2.910,"Handle bag mini, Panthère de Cartier",aeid5482_cartier,2022-11-04 14:21:43.034108,https://www.cartier.com,https://www.cartier.com/en-gr/handle-bag-mini-panthere-de-cartier_cod1647597286075073.html,Greece,Bag
InStock,Grey,Home/Bags for her,"Small handle bag in navy blue calfskin, black enamel and palladium-finish clasp, silver hot-stamped “Cartier” signature inside. Two inside compartments, one flat pocket and one signature pocket with removable mirror. One external flat pocket on the back of the bag. Lining: black lambskin. Dimensions: 180 mm high x 210 mm wide x 90 mm deep. Hand and cross-body carry.",,aeid5482,€,L1002373,3.350,"Small model handle bag, Panthère de Cartier",aeid5482_cartier,2022-11-04 14:21:43.034108,https://www.cartier.com,https://www.cartier.com/en-gr/small-model-handle-bag-panthere-de-cartier_cod1647597286075064.html,Greece,Bag
InStock,"Green,Red,Pink",Home/Bags for her,"Mini model handle bag in black calfskin, golden and black enamel-finish clasp, golden embossed “Cartier” signature inside. Two inside compartments, one flat pocket and one signature pocket with removable mirror. One external flat pocket on the back of the bag. Lining: black lambskin. Dimensions: 150 mm high x 185 mm wide x 80 mm deep. Hand and cross-body carry.",,aeid5482,€,L1002325,2.910,"Top handle bag mini model, Panthère de Cartier",aeid5482_cartier,2022-11-04 14:21:43.034108,https://www.cartier.com,https://www.cartier.com/en-gr/top-handle-bag-mini-model-panthere-de-cartier_cod29419655932707057.html,Greece,Bag
InStock,"Green,Pink,Black",Home/Bags for her,"Mini model handle bag in cherry red calfskin, golden and black enamel-finish clasp, golden embossed “Cartier” signature inside. Two inside compartments, one flat pocket and one signature pocket with removable mirror. One external flat pocket on the back of the bag. Lining: black lambskin. Dimensions: 150 mm high x 185 mm wide x 80 mm deep. Hand and cross-body carry.",,aeid5482,€,L1002326,2.910,"Top handle bag mini model, Panthère de Cartier",aeid5482_cartier,2022-11-04 14:21:43.034108,https://www.cartier.com,https://www.cartier.com/en-gr/top-handle-bag-mini-model-panthere-de-cartier_cod29419655932707060.html,Greece,Bag
InStock,"Green,Red",Home/Bags for her,"Small handle bag in black calfskin, golden and black enamel-finish clasp, golden embossed “Cartier” signature inside. Two inside compartments, one flat pocket and one signature pocket with removable mirror. One external flat pocket on the back of the bag. Lining: black lambskin. Dimensions: 180 mm high x 210 mm wide x 80 mm deep. Hand and cross-body carry.",,aeid5482,€,L1002323,3.350,"Top handle bag small model, Panthère de Cartier",aeid5482_cartier,2022-11-04 14:21:43.034108,https://www.cartier.com,https://www.cartier.com/en-gr/top-handle-bag-small-model-panthere-de-cartier_cod29419655932707051.html,Greece,Bag
InStock,"Black,Blue,Red,White,Grey",Home/Bags for her,"Mini chain bag in pale yellow calfskin, palladium-finish clasp, silver hot-stamped “Cartier” signature on the inside. Two inside compartments, one flat pocket and one signature pocket with removable mirror. One pocket on the back. Lining: black lambskin. Dimensions: 140 mm high x 200 mm wide x 85 mm deep. Shoulder and cross-body carry.",,aeid5482,€,L1002362,3.150,"Chain bag mini, Panthère de Cartier",aeid5482_cartier,2022-11-04 14:21:43.034108,https://www.cartier.com,https://www.cartier.com/en-gr/chain-bag-mini-panthere-de-cartier_cod1647597286075058.html,Greece,Bag
InStock,"Green,Black",Home/Bags for her,"Small handle bag in cherry red calfskin, golden and black enamel-finish clasp, golden embossed “Cartier” signature inside. Two inside compartments, one flat pocket and one signature pocket with removable mirror. One external flat pocket on the back of the bag. Lining: black lambskin. Dimensions: 180 mm high x 210 mm wide x 80 mm deep. Hand and cross-body carry.",,aeid5482,€,L1002324,3.350,"Top handle bag small model, Panthère de Cartier",aeid5482_cartier,2022-11-04 14:21:43.034108,https://www.cartier.com,https://www.cartier.com/en-gr/top-handle-bag-small-model-panthere-de-cartier_cod29419655932707054.html,Greece,Bag
InStock,"Black,Blue,Red,Grey",Home/Bags for her,"Small chain bag in cream white calfskin, golden-finish clasp, golden hot-stamped “Cartier” signature on the inside. Two inside compartments, one flat pocket and one signature pocket with removable mirror. One pocket on the back. Lining: black lambskin. Dimensions: 160 mm high x 235 mm wide x 105 mm deep. Shoulder and cross-body carry.",,aeid5482,€,L1002358,3.450,"Chain bag small, Panthère de Cartier",aeid5482_cartier,2022-11-04 14:21:43.034108,https://www.cartier.com,https://www.cartier.com/en-gr/chain-bag-small-panthere-de-cartier_cod1647597286075046.html,Greece,Bag
InStock,"Black,Blue,Red,White",Home/Bags for her,"Small chain bag in beige calfskin, palladium-finish clasp, silver hot-stamped “Cartier” signature on the inside. Two inside compartments, one flat pocket and one signature pocket with removable mirror. One pocket on the back. Lining: black lambskin. Dimensions: 160 mm high x 235 mm wide x 105 mm deep. Shoulder and cross-body carry.",,aeid5482,€,L1002389,3.450,"Chain bag small, Panthère de Cartier",aeid5482_cartier,2022-11-04 14:21:43.034108,https://www.cartier.com,https://www.cartier.com/en-gr/chain-bag-small-panthere-de-cartier_cod1647597286075082.html,Greece,Bag
InStock,"Black,Blue,Red,White,Yellow",Home/Bags for her,"Mini chain bag in beige calfskin, palladium-finish clasp, silver hot-stamped “Cartier” signature on the inside. Two inside compartments, one flat pocket and one signature pocket with removable mirror. One pocket on the back. Lining: black lambskin. Dimensions: 140 mm high x 200 mm wide x 85 mm deep. Shoulder and cross-body carry.",,aeid5482,€,L1002390,3.150,"Chain bag mini, Panthère de Cartier",aeid5482_cartier,2022-11-04 14:21:43.034108,https://www.cartier.com,https://www.cartier.com/en-gr/chain-bag-mini-panthere-de-cartier_cod1647597286075085.html,Greece,Bag
InStock,"Blue,Red,Black,Yellow,Grey",Home/Bags for her,"Mini chain bag in cream white calfskin, golden-finish clasp, golden hot-stamped “Cartier” signature on the inside. Two inside compartments, one flat pocket and one signature pocket with removable mirror. One pocket on the back. Lining: black lambskin. Dimensions: 140 mm high x 200 mm wide x 85 mm deep. Shoulder and cross-body carry.",,aeid5482,€,L1002359,3.150,"Chain bag mini, Panthère de Cartier",aeid5482_cartier,2022-11-04 14:21:43.034108,https://www.cartier.com,https://www.cartier.com/en-gr/chain-bag-mini-panthere-de-cartier_cod1647597286075049.html,Greece,Bag
InStock,"Black,Blue,Red,White,Grey",Home/Bags for her,"Small chain bag in petrol blue calfskin, golden-finish clasp, golden hot-stamped “Cartier” signature on the inside. Two inside compartments, one flat pocket and one signature pocket with removable mirror. One pocket on the back. Lining: black lambskin. Dimensions: 160 mm high x 235 mm wide x 105 mm deep. Shoulder and cross-body carry.",,aeid5482,€,L1002360,3.450,"Chain bag small, Panthère de Cartier",aeid5482_cartier,2022-11-04 14:21:43.034108,https://www.cartier.com,https://www.cartier.com/en-gr/chain-bag-small-panthere-de-cartier_cod1647597286075052.html,Greece,Bag
InStock,"Black,Blue,Red,White,Yellow,Grey",Home/Bags for her,"Mini chain bag in petrol blue calfskin, golden-finish clasp, golden hot-stamped “Cartier” signature on the inside. Two inside compartments, one flat pocket and one signature pocket with removable mirror. One pocket on the back. Lining: black lambskin. Dimensions: 140 mm high x 200 mm wide x 85 mm deep. Shoulder and cross-body carry.",,aeid5482,€,L1002361,3.150,"Chain bag mini, Panthère de Cartier",aeid5482_cartier,2022-11-04 14:21:43.034108,https://www.cartier.com,https://www.cartier.com/en-gr/chain-bag-mini-panthere-de-cartier_cod1647597286075055.html,Greece,Bag
InStock,"Black,Red,White,Blue,Grey",Home/Bags for her,"Small chain bag in navy blue calfskin, palladium-finish clasp, silver hot-stamped “Cartier” signature on the inside. Two inside compartments, one flat pocket and one signature pocket with removable mirror. One pocket on the back. Lining: black lambskin. Dimensions: 160 mm high x 235 mm wide x 105 mm deep. Shoulder and cross-body carry.",,aeid5482,€,L1002354,3.450,"Chain bag small, Panthère de Cartier",aeid5482_cartier,2022-11-04 14:21:43.034108,https://www.cartier.com,https://www.cartier.com/en-gr/chain-bag-small-panthere-de-cartier_cod1647597286075034.html,Greece,Bag
InStock,"Blue,Red,White,Grey",Home/Bags for her,"Small chain bag in black calfskin, golden-finish clasp, golden hot-stamped “Cartier” signature on the inside. Two inside compartments, one flat pocket and one signature pocket with removable mirror. One pocket on the back. Lining: black lambskin. Dimensions: 160 mm high x 235 mm wide x 105 mm deep. Shoulder and cross-body carry.",,aeid5482,€,L1002352,3.450,"Chain bag small, Panthère de Cartier",aeid5482_cartier,2022-11-04 14:21:43.034108,https://www.cartier.com,https://www.cartier.com/en-gr/chain-bag-small-panthere-de-cartier_cod1647597286075028.html,Greece,Bag
InStock,"Black,Red,White,Blue,Yellow,Grey",Home/Bags for her,"Mini chain bag in navy blue calfskin, palladium-finish clasp, silver hot-stamped “Cartier” signature on the inside. Two inside compartments, one flat pocket and one signature pocket with removable mirror. One pocket on the back. Lining: black lambskin. Dimensions: 140 mm high x 200 mm wide x 85 mm deep. Shoulder and cross-body carry.",,aeid5482,€,L1002355,3.150,"Chain bag mini, Panthère de Cartier",aeid5482_cartier,2022-11-04 14:21:43.034108,https://www.cartier.com,https://www.cartier.com/en-gr/chain-bag-mini-panthere-de-cartier_cod1647597286075037.html,Greece,Bag
InStock,Red,Home/Bags for her,"Nano model shoulder bag in black calfskin, gold and black enamel-finish clasp, golden hot stamped “Cartier” signature inside. Three inside compartments, one flat pocket and one signature pocket with removable mirror. Lining: black lambskin. Dimensions: 130 mm high x 170 mm wide x 60 mm deep. Shoulder and cross-body carry.",,aeid5482,€,L1002295,2.260,"Shoulder Bag, Nano, Double C de Cartier",aeid5482_cartier,2022-11-04 14:21:43.034108,https://www.cartier.com,https://www.cartier.com/en-gr/shoulder-bag-nano-double-c-de-cartier_cod11452292647222290.html,Greece,Bag
InStock,"Blue,Red,White,Yellow,Grey",Home/Bags for her,"Mini chain bag in black calfskin, golden-finish clasp, golden hot-stamped “Cartier” signature on the inside. Two inside compartments, one flat pocket and one signature pocket with removable mirror. One pocket on the back. Lining: black lambskin. Dimensions: 140 mm high x 200 mm wide x 85 mm deep. Shoulder and cross-body carry.",,aeid5482,€,L1002353,3.150,"Chain bag mini, Panthère de Cartier",aeid5482_cartier,2022-11-04 14:21:43.034108,https://www.cartier.com,https://www.cartier.com/en-gr/chain-bag-mini-panthere-de-cartier_cod1647597286075031.html,Greece,Bag
InStock,"Blue,Grey,Brown",Home,"Must de Cartier black calfskin document holder, large model. Zipped closure, palladium-finish metal parts. Exterior: embossed double C logo, one zipped pocket, detachable handle. Interior: black fabric lining, one zipped pocket, one flat pocket with embossed silver-coloured Cartier signature. Dimensions: 250 mm high x 350 mm wide x 40 mm deep. Hand and wrist carry with detachable handle.",,aeid5482,€,L1002260,1.350,"GM Pouch, Must de Cartier",aeid5482_cartier,2022-11-04 14:21:43.034108,https://www.cartier.com,https://www.cartier.com/en-gr/gm-pouch-must-de-cartier_cod17266703523789584.html,Greece,Bag
InStock,"Green,Pink,Red",Home/Bags for her,"Mini model shoulder bag in black calfskin, gold and black enamel-finish clasp, golden hot stamped “Cartier” signature inside. Three inside compartments, one flat pocket and one signature pocket with removable mirror. Lining: black lambskin. Dimensions: 160 mm high x 190 mm wide x 70 mm deep. Shoulder and cross-body carry.",,aeid5482,€,L1002289,2.640,"Shoulder Bag, Mini, Double C de Cartier",aeid5482_cartier,2022-11-04 14:21:43.034108,https://www.cartier.com,https://www.cartier.com/en-gr/shoulder-bag-mini-double-c-de-cartier_cod11452292647222286.html,Greece,Bag
InStock,Black,Home/Bags for her,"Nano model shoulder bag in cherry red calfskin, gold and cherry red enamel-finish clasp, golden hot stamped “Cartier” signature inside. Three inside compartments, one flat pocket and one signature pocket with removable mirror. Lining: black lambskin. Dimensions: 130 mm high x 170 mm wide x 60 mm deep. Shoulder and cross-body carry.",,aeid5482,€,L1002296,2.260,"Shoulder Bag, Nano, Double C de Cartier",aeid5482_cartier,2022-11-04 14:21:43.034108,https://www.cartier.com,https://www.cartier.com/en-gr/shoulder-bag-nano-double-c-de-cartier_cod11452292647222384.html,Greece,Bag
InStock,"Green,Cherry red calfskin, gold and cherry red enamel finish",Home/Bags for her,"Small model chain bag in black calfskin, golden and black enamel-finish clasp, golden embossed “Cartier” signature inside. One interior compartment, one zipped pocket, one flat pocket and one signature pocket with removable mirror. One pocket on the back. Lining: black lambskin. Dimensions: 150 mm high x 240 mm wide x 50 mm deep. Shoulder and cross-body carry.",,aeid5482,€,L1002305,3.150,"Chain bag  small model, Double C de Cartier",aeid5482_cartier,2022-11-04 14:21:43.034108,https://www.cartier.com,https://www.cartier.com/en-gr/chain-bag-small-model-double-c-de-cartier_cod20346390236443569.html,Greece,Bag
InStock,"Pink,Black,Green",Home/Bags for her,"Mini model shoulder bag in cherry red calfskin, gold and cherry red enamel-finish clasp, golden hot stamped “Cartier” signature inside. Three inside compartments, one flat pocket and one signature pocket with removable mirror. Lining: black lambskin. Dimensions: 160 mm high x 190 mm wide x 70 mm deep. Shoulder and cross-body carry.",,aeid5482,€,L1002293,2.640,"Shoulder Bag, Mini, Double C de Cartier",aeid5482_cartier,2022-11-04 14:21:43.034108,https://www.cartier.com,https://www.cartier.com/en-gr/shoulder-bag-mini-double-c-de-cartier_cod11452292647222289.html,Greece,Bag
InStock,"Green,Pink",Home/Bags for her,"Mini model chain bag in cherry red calfskin, golden and cherry red enamel-finish clasp, golden embossed “Cartier” signature inside. One interior compartment, six credit card slots, one flat pocket and one signature pocket with removable mirror. Lining: black lambskin. Removable chain. Dimensions: 120 mm high x 200 mm wide x 35 mm deep. Shoulder and cross-body carry.",,aeid5482,€,L1002306,2.750,"Chain bag mini model, Double C de Cartier",aeid5482_cartier,2022-11-04 14:21:43.034108,https://www.cartier.com,https://www.cartier.com/en-gr/chain-bag-mini-model-double-c-de-cartier_cod20346390236443572.html,Greece,Bag
InStock,Burgundy,Home,"Black calfskin portfolio with detachable wrist strap. Zipped closure, palladium-finish metal parts. Exterior: embossed double C logo, flat pocket with press stud fastening. Interior: burgundy fabric lining, one flat pocket, one zipped pocket. Embossed silver Cartier marking. Dimensions: 260 mm high x 345 mm wide x 20 mm deep. Hand carry.",,aeid5482,€,L1002264,1.350,"Portfolio,  Must de Cartier",aeid5482_cartier,2022-11-04 14:21:43.034108,https://www.cartier.com,https://www.cartier.com/en-gr/portfolio-must-de-cartier_cod17266703523789590.html,Greece,Bag
InStock,Black,Home,"Must de Cartier briefcase with three gussets in tan calfskin. Palladium-finish metal parts. Interior: brown fabric lining, one flat laptop compartment, one zipped pocket, two smartphone pockets, one pen loop. Dimensions: 400 mm high x 300 mm wide x 70 mm deep. Hand carry.",,aeid5482,€,L1002263,3.900,"Briefcase, Must de Cartier",aeid5482_cartier,2022-11-04 14:21:43.034108,https://www.cartier.com,https://www.cartier.com/en-gr/briefcase-must-de-cartier_cod29419655932696318.html,Greece,Bag
InStock,"Green,Black calfskin, gold and black enamel finish",Home/Bags for her,"Small model chain bag in cherry red calfskin, golden and cherry red enamel-finish clasp, golden embossed “Cartier” signature inside. One interior compartment, one zipped pocket, one flat pocket and one signature pocket with removable mirror. One pocket on the back. Lining: black lambskin. Dimensions: 150 mm high x 240 mm wide x 50 mm deep. Shoulder and cross-body carry.",,aeid5482,€,L1002310,3.150,"Chain bag small model, Double C de Cartier",aeid5482_cartier,2022-11-04 14:21:43.034108,https://www.cartier.com,https://www.cartier.com/en-gr/chain-bag-small-model-double-c-de-cartier_cod20346390236443584.html,Greece,Bag
InStock,Black,Home,"Burgundy calfskin portfolio with detachable wrist strap. Zipped closure, golden-finish metal parts. Exterior: embossed double C logo, flat pocket with press stud fastening. Interior: burgundy fabric lining, one flat pocket, one zipped pocket. Embossed golden Cartier marking Dimensions: 260 mm high x 345 mm wide x 20 mm deep. Hand carry.",,aeid5482,€,L1002265,1.350,"Portfolio,  Must de Cartier",aeid5482_cartier,2022-11-04 14:21:43.034108,https://www.cartier.com,https://www.cartier.com/en-gr/portfolio-must-de-cartier_cod17266703523789592.html,Greece,Bag
InStock,"Pink,Black,Red",Home/Bags for her,"Mini model shoulder bag in dark green calfskin, gold and dark green enamel-finish clasp, golden hot-stamped “Cartier” signature inside. Three inside compartments, one flat pocket and one signature pocket with removable mirror. Lining: black lambskin. Dimensions: 160 mm high x 190 mm wide x 70 mm deep. Shoulder and cross-body carry.",,aeid5482,€,L1002345,2.640,"Mini model shoulder bag, Double C de Cartier",aeid5482_cartier,2022-11-04 14:21:43.034108,https://www.cartier.com,https://www.cartier.com/en-gr/mini-model-shoulder-bag-double-c-de-cartier_cod42247633208247027.html,Greece,Bag
InStock,Camel Colour,Home,"Must de Cartier briefcase with three gussets in black calfskin. Palladium-finish metal parts. Interior: burgundy fabric lining, one flat laptop compartment, one zipped pocket, two smartphone pockets, one pen loop. Dimensions: 400 mm high x 300 mm wide x 70 mm deep. Hand carry.",,aeid5482,€,L1002262,3.900,"Briefcase, Must de Cartier",aeid5482_cartier,2022-11-04 14:21:43.034108,https://www.cartier.com,https://www.cartier.com/en-gr/briefcase-must-de-cartier_cod17266703523789588.html,Greece,Bag
InStock,"Black calfskin, gold and black enamel finish,Cherry red calfskin, gold and cherry red enamel finish",Home/Bags for her,"Small model chain bag in dark green calfskin, gold and dark green enamel-finish clasp, golden hot-stamped “Cartier” signature inside. One interior compartment, one zipped pocket, one flat pocket and one signature pocket with removable mirror. One pocket on the back. Lining: black lambskin. Dimensions: 150 mm high x 240 mm wide x 50 mm deep. Shoulder and cross-body carry.",,aeid5482,€,L1002368,3.150,"Chain bag small model, Double C de Cartier",aeid5482_cartier,2022-11-04 14:21:43.034108,https://www.cartier.com,https://www.cartier.com/en-gr/chain-bag-small-model-double-c-de-cartier_cod42247633208247036.html,Greece,Bag
InStock,"Cherry red calfskin, gold and cherry red enamel finish,Pink",Home/Bags for her,"Mini model chain bag in dark green calfskin, gold and dark green enamel-finish clasp, golden hot-stamped “Cartier” signature inside. One interior compartment, six credit card slots, one flat pocket and one signature pocket with removable mirror. Lining: black lambskin. Removable chain. Dimensions: 120 mm high x 200 mm wide x 35 mm deep. Shoulder and cross-body carry.",,aeid5482,€,L1002367,2.750,"Mini model chain bag, Double C de Cartier",aeid5482_cartier,2022-11-04 14:21:43.034108,https://www.cartier.com,https://www.cartier.com/en-gr/mini-model-chain-bag-double-c-de-cartier_cod42247633208247033.html,Greece,Bag
InStock,"Red,Black,Green",Home/Bags for her,"Mini model shoulder bag in two-tone pink/pale pink calfskin, palladium and pale pink enamel-finish clasp, silver hot-stamped “Cartier” signature inside. Three inside compartments, one flat pocket and one signature pocket with removable mirror. Lining: black lambskin. Dimensions: 160 mm high x 190 mm wide x 70 mm deep. Shoulder and cross-body carry.",,aeid5482,€,L1002363,2.640,"Mini model shoulder bag, Double C de Cartier",aeid5482_cartier,2022-11-04 14:21:43.034108,https://www.cartier.com,https://www.cartier.com/en-gr/mini-model-shoulder-bag-double-c-de-cartier_cod42247633208247030.html,Greece,Bag
InStock,"Black,Blue,Brown",Home,"Must de Cartier pouch in anthracite calfskin, large model. Zipped closure, palladium-finish metal parts. Exterior: embossed double C logo, one zipped pocket, detachable handle. Interior: black fabric lining, one zipped pocket, one flat pocket with embossed silver-coloured Cartier signature. Dimensions: 250 mm high x 350 mm wide x 40 mm deep. Hand and wrist carry with detachable handle.",,aeid5482,€,L1002315,1.350,"Pouch large model, Must de Cartier",aeid5482_cartier,2022-11-04 14:21:43.034108,https://www.cartier.com,https://www.cartier.com/en-gr/pouch-large-model-must-de-cartier_cod20346390236443599.html,Greece,Bag
InStock,"Cherry red calfskin, gold and cherry red enamel finish,Green",Home/Bags for her,"Mini model chain bag in two-tone pink/pale pink calfskin, palladium and pale pink enamel-finish clasp, silver hot-stamped “Cartier” signature inside. One interior compartment, six credit card slots, one flat pocket and one signature pocket with removable mirror. Lining: black lambskin. Removable chain. Dimensions: 120 mm high x 200 mm wide x 35 mm deep. Shoulder and cross-body carry.",,aeid5482,€,L1002369,2.750,"Mini model chain bag, Double C de Cartier",aeid5482_cartier,2022-11-04 14:21:43.034108,https://www.cartier.com,https://www.cartier.com/en-gr/mini-model-chain-bag-double-c-de-cartier_cod42247633208247039.html,Greece,Bag
InStock,Red,Home/Bags for her,"Mini model bag in black calfskin, golden garland motif, golden hot stamped “Cartier” signature inside. Two inside compartments, a signature pocket with removable mirror. Lining: black calfskin. Dimensions: 230 mm high x 210 mm long x 85 mm deep. Hand and shoulder carry with adjustable and detachable strap.",,aeid5482,€,L1002172,2.260,"Top Handle Bag, Mini, Guirlande de Cartier",aeid5482_cartier,2022-11-04 14:21:43.034108,https://www.cartier.com,https://www.cartier.com/en-gr/top-handle-bag-mini-guirlande-de-cartier_cod25372685655513825.html,Greece,Bag
InStock,Black,Home/Bags for her,"Must de Cartier tote bag in burgundy calfskin, signature Cartier medallion. Interior: Two flat pockets, one zipped pocket, one signature pocket with removable mirror. Fastening system with push buttons. Lining in burgundy lambskin. Dimensions: 285 mm high x 310 mm long x 170 mm deep. Two handles for hand or shoulder carry.",,aeid5482,€,L1002278,2.210,"Tote Bag, Must de Cartier",aeid5482_cartier,2022-11-04 14:21:43.034108,https://www.cartier.com,https://www.cartier.com/en-gr/tote-bag-must-de-cartier_cod343549805672110.html,Greece,Bag
InStock,Black,Home/Bags for her,"Mini model bag in red calfskin, golden garland motif, golden hot stamped “Cartier” signature inside. Two inside compartments, a signature pocket with removable mirror. Lining:  black calfskin. Dimensions: 230 mm high x 210 mm long x 85 mm deep. Hand and shoulder carry with adjustable and detachable strap.",,aeid5482,€,L1002174,2.260,"Top Handle Bag, Mini, Guirlande de Cartier",aeid5482_cartier,2022-11-04 14:21:43.034108,https://www.cartier.com,https://www.cartier.com/en-gr/top-handle-bag-mini-guirlande-de-cartier_cod25372685655513829.html,Greece,Bag
InStock,Burgundy,Home/Bags for her,"Must de Cartier hobo bag, mini model, in black calfskin, signature Cartier medallion. Interior: One signature pocket with removable mirror. Fastening system with push buttons. Lining: burgundy lambskin. Dimensions: 180 mm high x 175 mm long x 50 mm deep. Adjustable shoulder strap with gold-finish details for shoulder or crossbody carry.",,aeid5482,€,L1002255,1.510,"Hobo bag mini model, Must de Cartier",aeid5482_cartier,2022-11-04 14:21:43.034108,https://www.cartier.com,https://www.cartier.com/en-gr/hobo-bag-mini-model-must-de-cartier_cod343549805672108.html,Greece,Bag
InStock,Burgundy,Home/Bags for her,"Must de Cartier hobo bag, small model, in black calfskin, signature Cartier medallion. Interior: One zipped pocket, one signature pocket with removable mirror. Fastening system with push buttons. Lining: burgundy lambskin. Dimensions: 225 mm high x 220 mm long x 55 mm deep. Adjustable shoulder strap with gold-finish details for shoulder or crossbody carry.",,aeid5482,€,L1002251,1.830,"Hobo bag small model, Must de Cartier",aeid5482_cartier,2022-11-04 14:21:43.034108,https://www.cartier.com,https://www.cartier.com/en-gr/hobo-bag-small-model-must-de-cartier_cod343549805672107.html,Greece,Bag
InStock,Black,Home/Bags for her,"Must de Cartier hobo bag, mini model, in burgundy calfskin, signature Cartier medallion. Interior: One signature pocket with removable mirror. Fastening system with push buttons. Lining: burgundy lambskin. Dimensions: 180 mm high x 175 mm long x 50 mm deep. Adjustable shoulder strap with gold-finish details for shoulder or crossbody carry.",,aeid5482,€,L1002256,1.510,"Hobo bag mini model, Must de Cartier",aeid5482_cartier,2022-11-04 14:21:43.034108,https://www.cartier.com,https://www.cartier.com/en-gr/hobo-bag-mini-model-must-de-cartier_cod343549805672109.html,Greece,Bag
InStock,,Home/Bags for her,"Must de Cartier hobo bag, medium model, in supple burgundy calfskin, signature Cartier medallion. Interior: One zipped pocket, one signature pocket with removable mirror. Fastening system with push buttons. Lining: burgundy lambskin. Dimensions: 300 mm high x 292 mm long x 80 mm deep. Adjustable shoulder strap with gold-finish details for shoulder or crossbody carry.",,aeid5482,€,L1002248,2.480,"Hobo bag medium model, Must de Cartier",aeid5482_cartier,2022-11-04 14:21:43.034108,https://www.cartier.com,https://www.cartier.com/en-gr/hobo-bag-medium-model-must-de-cartier_cod343549805672105.html,Greece,Bag
InStock,Black,Home/Bags for her,"Must de Cartier hobo bag, small model, in burgundy calfskin, signature Cartier medallion. Interior: One zipped pocket, one signature pocket with removable mirror. Fastening system with push buttons. Lining: burgundy lambskin. Dimensions: 225 mm high x 220 mm long x 55 mm deep. Adjustable shoulder strap with gold-finish details for shoulder or crossbody carry.",,aeid5482,€,L1002250,1.830,"Hobo bag small model, Must de Cartier",aeid5482_cartier,2022-11-04 14:21:43.034108,https://www.cartier.com,https://www.cartier.com/en-gr/hobo-bag-small-model-must-de-cartier_cod343549805672106.html,Greece,Bag
InStock,Black,Home/Bags for her,"Must de Cartier carnassiere bag, nano model, in burgundy calfskin, signature Cartier medallion. Interior: One signature pocket with removable mirror, one flat pocket with flap. Lining in burgundy lambskin. Dimensions: 190 mm high x 150 mm long x 52 mm deep. Adjustable shoulder strap with gold-finish details for shoulder or crossbody carry.",,aeid5482,€,L1002241,1.350,"Carnassière nano model, Must de Cartier",aeid5482_cartier,2022-11-04 14:21:43.034108,https://www.cartier.com,https://www.cartier.com/en-gr/carnassiere-nano-model-must-de-cartier_cod343549805672083.html,Greece,Bag
InStock,Burgundy,Home/Bags for her,"Must de Cartier carnassière bag, nano model, in black calfskin, signature Cartier medallion. Interior: One signature pocket with removable mirror, one flat pocket with flap. Lining in burgundy lambskin. Dimensions: 150 mm high x 190 mm long x 52 mm deep. Adjustable shoulder strap with gold-finish details for shoulder or crossbody carry.",,aeid5482,€,L1002242,1.350,"Carnassière nano model, Must de Cartier",aeid5482_cartier,2022-11-04 14:21:43.034108,https://www.cartier.com,https://www.cartier.com/en-gr/carnassiere-nano-model-must-de-cartier_cod343549805672084.html,Greece,Bag
InStock,Burgundy,Home/Bags for her,"Must de Cartier carnassiere bag, small model, in black calfskin, signature Cartier medallion. Interior: One zipped pocket, one signature pocket with removable mirror, one flat pocket with flap. Lining in burgundy lambskin. Dimensions: 250 mm high x 210 mm long x 80 mm deep. Adjustable shoulder strap with gold-finish details for shoulder or crossbody carry.",,aeid5482,€,L1002240,2.480,"Carnassiere bag, small model, Must de Cartier",aeid5482_cartier,2022-11-04 14:21:43.034108,https://www.cartier.com,https://www.cartier.com/en-gr/carnassiere-bag-small-model-must-de-cartier_cod343549805672082.html,Greece,Bag
InStock,Black,Home/Bags for her,"Must de Cartier carnassiere bag, small model, in burgundy calfskin, signature Cartier medallion. Interior: One zipped pocket, one signature pocket with removable mirror, one flat pocket with flap. Lining in burgundy lambskin. Dimensions: 250 mm high x 210 mm long x 80 mm deep. Adjustable shoulder strap with gold-finish details for shoulder or crossbody carry.",,aeid5482,€,L1002239,2.480,"Carnassiere bag, small model, Must de Cartier",aeid5482_cartier,2022-11-04 14:21:43.034108,https://www.cartier.com,https://www.cartier.com/en-gr/carnassiere-bag-small-model-must-de-cartier_cod343549805672081.html,Greece,Bag
InStock,,Home/Bags for her,"Wallet bag in red calfskin, golden garland motif. Interior: one zipped compartment, 3 flat pockets, 6 credit card slots, a signature pocket with removable mirror, and golden hot stamped “Cartier” signature. Lining: black calfskin. Dimensions: 190 mm high x 120 mm long x 35 mm deep. Shoulder carry with a detachable chain strap.",,aeid5482,€,L1002220,1.460,"Wallet Bag, Guirlande de Cartier",aeid5482_cartier,2022-11-04 14:21:43.034108,https://www.cartier.com,https://www.cartier.com/en-gr/wallet-bag-guirlande-de-cartier_cod25372685655513841.html,Greece,Bag
InStock,,Home/Bags for her,"Must de Cartier carnassiere bag, medium model, in burgundy calfskin, signature Cartier medallion. Interior: Two gusseted compartments, one zipped pocket, one signature pocket with removable mirror, one flat pocket with flap. Lining in burgundy lambskin. Dimensions: 280 mm high x 230 mm long x 110 mm deep. Adjustable shoulder strap with gold-finish details for shoulder or crossbody carry.",,aeid5482,€,L1002238,2.850,"Carnassiere bag, Medium, Must de Cartier",aeid5482_cartier,2022-11-04 14:21:43.034108,https://www.cartier.com,https://www.cartier.com/en-gr/carnassiere-bag-medium-must-de-cartier_cod343549805672080.html,Greece,Bag
InStock,"Brown,Black,Blue",Home,"Must de Cartier anthracite calfskin document holder, small model. Zipped closure, palladium-finish metal parts. Exterior: embossed double C logo, one zipped pocket. Interior: black fabric lining, one laptop compartment, one zipped pocket, two additional compartments. Embossed silver-coloured Cartier signature. Dimensions: 210 mm high x 350 mm wide x 60 mm deep. Hand and shoulder carry with adjustable and detachable strap.",,aeid5482,€,L1002314,2.580,"Document holder small model, Must de Cartier",aeid5482_cartier,2022-11-04 14:21:43.034108,https://www.cartier.com,https://www.cartier.com/en-gr/document-holder-small-model-must-de-cartier_cod20346390236443596.html,Greece,Bag
OutofStock,,Home/Bags for her,"Medium handle bag in dark green niloticus crocodile skin, black enamel- and gold-finish clasp, gold hot-stamped “Cartier” signature inside. Two inside compartments, one flat pocket and one signature pocket with removable mirror. One external flat pocket on the back of the bag. Lining: black lambskin. Dimensions: 180 mm high x 210 mm wide x 90 mm deep. Hand and cross-body carry.",,aeid5482,€,L1002337,24.800,"Small model handle bag, Panthère de Cartier",aeid5482_cartier,2022-11-04 14:21:43.034108,https://www.cartier.com,https://www.cartier.com/en-gr/small-model-handle-bag-panthere-de-cartier_cod42247633209194359.html,Greece,Bag
InStock,"Blue,Grey,Brown",Home,"Must de Cartier black calfskin document holder, small model. Zipped closure, palladium-finish metal parts. Exterior: embossed double C logo, one zipped pocket. Interior: black fabric lining, one laptop compartment, one zipped pocket, two additional compartments. Embossed silver-coloured Cartier signature. Dimensions: 210 mm high x 350 mm wide x 60 mm deep. Hand and shoulder carry with adjustable and detachable strap.",,aeid5482,€,L1002259,2.580,"Document holder small model, Must de Cartier,",aeid5482_cartier,2022-11-04 14:21:43.034108,https://www.cartier.com,https://www.cartier.com/en-gr/document-holder-small-model-must-de-cartier_cod17266703523789579.html,Greece,Bag
OutofStock,,Home/Bags for her,"Small handle bag in beige calfskin, black enamel and palladium-finish clasp, silver hot-stamped “Cartier” signature inside. Two inside compartments, one flat pocket and one signature pocket with removable mirror. One external flat pocket on the back of the bag. Lining: black lambskin. Dimensions: 180 mm high x 210 mm wide x 90 mm deep. Hand and cross-body carry.",,aeid5482,€,L1002391,3.350,"Small model handle bag, Panthère de Cartier",aeid5482_cartier,2022-11-04 14:21:43.034108,https://www.cartier.com,https://www.cartier.com/en-gr/small-model-handle-bag-panthere-de-cartier_cod1647597286075088.html,Greece,Bag
OutofStock,,Home/Bags for her,"Black sequined mini chain bag on a recycled ECONYL® nylon base, palladium and black enamel-finish clasp, silver Cartier signature hot stamped on the inside. One interior compartment, one flat pocket and one signature pocket. One external flat pocket on the back of the bag. Lining: recycled ECONYL® nylon. Removable chain. Dimensions: height 100 mm x width 200 mm x depth 45 mm. Hand and cross-body carry.",,aeid5482,€,L1002383,3.550,"Mini chain bag, Panthère de Cartier",aeid5482_cartier,2022-11-04 14:21:43.034108,https://www.cartier.com,https://www.cartier.com/en-gr/mini-chain-bag-panthere-de-cartier_cod1647597301962978.html,Greece,Bag
OutofStock,"Black calfskin, gold and black enamel finish",Home/Bags for her,"Small chain bag in cherry red calf leather, gold and black enamel-finish clasp, gold-coloured Cartier signature hot stamped on the inside. Two interior compartments, one flat pocket and one signature pocket. One external flat pocket on the back of the bag. Lining: black lambskin. Dimensions: height 155 mm x length 260 mm x depth 80 mm. Shoulder and cross-body carry.",,aeid5482,€,L1002412,3.350,"Small chain bag, Panthère de Cartier",aeid5482_cartier,2022-11-04 14:21:43.034108,https://www.cartier.com,https://www.cartier.com/en-gr/small-chain-bag-panthere-de-cartier_cod1647597294937476.html,Greece,Bag
OutofStock,"Cherry red calfskin, gold and black enamel finish",Home/Bags for her,"Small chain bag in black calfskin, gold and black enamel-finish clasp, golden embossed “Cartier” signature inside. Two interior compartments, one flat pocket and one signature pocket. One external flat pocket on the back of the bag. Lining: black lambskin. Dimensions: height 155 mm x width 260 mm x depth 80 mm. Shoulder and cross-body carry.",,aeid5482,€,L1002411,3.350,"Small chain bag, Panthère de Cartier",aeid5482_cartier,2022-11-04 14:21:43.034108,https://www.cartier.com,https://www.cartier.com/en-gr/small-chain-bag-panthere-de-cartier_cod1647597294958533.html,Greece,Bag
OutofStock,,Home/Bags for her,"Mini handle bag in beige calfskin, black enamel and palladium-finish clasp, silver hot-stamped “Cartier” signature inside. Two inside compartments, one flat pocket and one signature pocket with removable mirror. One external flat pocket on the back of the bag. Lining: black lambskin. Dimensions: 150 mm high x 185 mm wide x 80 mm deep. Hand and cross-body carry.",,aeid5482,€,L1002392,2.910,"Handle bag mini, Panthère de Cartier",aeid5482_cartier,2022-11-04 14:21:43.034108,https://www.cartier.com,https://www.cartier.com/en-gr/handle-bag-mini-panthere-de-cartier_cod1647597286075091.html,Greece,Bag
InStock,"Black,Pink",Home/Bags for her,"Micro chain bag in cherry red calfskin, golden and cherry red enamel-finish clasp, golden embossed “Cartier” signature inside. One inside compartment. One loop on the back. Lining: black lambskin. Removable chain. Dimensions: 80 mm high x 120 mm wide x 40 mm deep. Crossbody, shoulder or belt carry.",,aeid5482,€,L3002034,1.180,"Chain bag micro, Double C de Cartier",aeid5482_cartier,2022-11-04 14:21:43.034108,https://www.cartier.com,https://www.cartier.com/en-gr/chain-bag-micro-double-c-de-cartier_cod1647597286075147p.html,Greece,Bag
OutofStock,"Cherry red calfskin, gold and black enamel finish",Home/Bags for her,"Mini chain bag in black calfskin, golden and black enamel-finish clasp, golden embossed “Cartier” signature inside. One interior compartment, one flat pocket and one signature pocket. One external flat pocket on the back of the bag. Lining: black lambskin. Removable chain. Dimensions: height 100 mm x width 200 mm x depth 45 mm. Hand and cross-body carry.",,aeid5482,€,L1002396,2.370,"Mini chain bag, Panthère de Cartier",aeid5482_cartier,2022-11-04 14:21:43.034108,https://www.cartier.com,https://www.cartier.com/en-gr/mini-chain-bag-panthere-de-cartier_cod1647597294937470.html,Greece,Bag
OutofStock,Black,Home/Bags for her,"Mini chain bag in cherry red calf leather, gold and black enamel-finish clasp, gold-coloured Cartier signature hot stamped on the inside. One interior compartment, one flat pocket and one signature pocket. One external flat pocket on the back of the bag. Lining: black lambskin. Removable chain. Dimensions: height 100 mm x width 200 mm x depth 45 mm. Hand and cross-body carry.",,aeid5482,€,L1002397,2.370,"Mini chain bag, Panthère de Cartier",aeid5482_cartier,2022-11-04 14:21:43.034108,https://www.cartier.com,https://www.cartier.com/en-gr/mini-chain-bag-panthere-de-cartier_cod1647597294937473.html,Greece,Bag
OutofStock,,Home/Bags for her,"Golden metallic mini chain bag in black calfskin, golden and black enamel-finish clasp, golden hot-stamped “Cartier” signature on the inside. One interior compartment, one flat pocket and one signature pocket. One external flat pocket on the back of the bag. Lining: black lambskin. Removable chain. Dimensions: height 100 mm x width 200 mm x depth 45 mm. Hand and cross-body carry.",,aeid5482,€,L1002382,2.640,"Mini chain bag, Panthère de Cartier",aeid5482_cartier,2022-11-04 14:21:43.034108,https://www.cartier.com,https://www.cartier.com/en-gr/mini-chain-bag-panthere-de-cartier_cod1647597295991174.html,Greece,Bag
InStock,"Grey,Brown,Black",Home,"Must de Cartier navy blue calfskin document holder, small model. Zipped closure, palladium-finish metal parts. Exterior: embossed double C logo, one zipped pocket. Interior: black fabric lining, one laptop compartment, one zipped pocket, two additional compartments. Embossed silver-coloured Cartier signature. Dimensions: 210 mm high x 350 mm wide x 60 mm deep. Hand and shoulder carry with adjustable and detachable strap.",,aeid5482,€,L1002269,2.580,"Document holder small model, Must de Cartier",aeid5482_cartier,2022-11-04 14:21:43.034108,https://www.cartier.com,https://www.cartier.com/en-gr/document-holder-small-model-must-de-cartier_cod17266703523789594.html,Greece,Bag
InStock,,Home,"Must de Cartier black calfskin document holder. Zipped closure, palladium-finish metal parts. Exterior: embossed double C logo, one zipped pocket. Interior: black fabric lining, one laptop compartment, one zipped pocket, three additional compartments. Embossed silver-coloured Cartier signature. Dimensions: 300 mm high x 380 mm wide x 100 mm deep. Hand and shoulder carry with adjustable and detachable strap.",,aeid5482,€,L1002258,2.910,"Document holder, Must de Cartier",aeid5482_cartier,2022-11-04 14:21:43.034108,https://www.cartier.com,https://www.cartier.com/en-gr/document-holder-must-de-cartier_cod17266703523789577.html,Greece,Bag
InStock,Black,Home,"Must de Cartier navy blue calfskin pouch. Zipped closure, palladium-finish metal parts. Exterior: embossed double C logo, one zipped pocket, detachable handle. Interior: black fabric lining, one flat pocket, eight credit card slots. Embossed silver-coloured Cartier signature. Dimensions: 160 mm high x 250 mm wide x 50 mm deep. Hand and wrist carry with detachable handle.",,aeid5482,€,L1002273,1.350,"Square Pouch, Must de Cartier",aeid5482_cartier,2022-11-04 14:21:43.034108,https://www.cartier.com,https://www.cartier.com/en-gr/square-pouch-must-de-cartier_cod17266703523789598.html,Greece,Bag
InStock,,Home,"Must de Cartier mini messenger bag in black calfskin. Zipped closure, palladium-finish metal parts. Exterior: embossed double C logo, one zipped pocket, adjustable strap. Interior: black fabric lining, one flat pocket. Embossed silver-coloured Cartier signature. Dimensions: 210 mm high x 160 mm wide x 50 mm deep.",,aeid5482,€,L1002275,1.620,Must de Cartier mini messenger bag,aeid5482_cartier,2022-11-04 14:21:43.034108,https://www.cartier.com,https://www.cartier.com/en-gr/must-de-cartier-mini-messenger-bag_cod17266703523789600.html,Greece,Bag
InStock,"Grey,Black,Brown",Home,"Must de Cartier navy blue calfskin document holder, large model. Zipped closure, palladium-finish metal parts. Exterior: embossed double C logo, one zipped pocket, detachable handle. Interior: black fabric lining, one zipped pocket, one flat pocket with embossed silver-coloured Cartier signature. Dimensions: 250 mm high x 350 mm wide x 40 mm deep. Hand and wrist carry with detachable handle.",,aeid5482,€,L1002271,1.350,"GM Pouch, Must de Cartier",aeid5482_cartier,2022-11-04 14:21:43.034108,https://www.cartier.com,https://www.cartier.com/en-gr/gm-pouch-must-de-cartier_cod17266703523789596.html,Greece,Bag
InStock,"Red,Pink",Home/Bags for her,"Micro chain bag in black calfskin, golden and black enamel-finish clasp, golden hot-stamped “Cartier” signature inside. One inside compartment. One loop on the back. Lining: black lambskin. Removable chain. Dimensions: 80 mm high x 120 mm wide x 40 mm deep. Crossbody, shoulder or belt carry.",,aeid5482,€,L3002033,1.180,"Chain bag micro, Double C de Cartier",aeid5482_cartier,2022-11-04 14:21:43.034108,https://www.cartier.com,https://www.cartier.com/en-gr/chain-bag-micro-double-c-de-cartier_cod1647597286075144p.html,Greece,Bag
InStock,Blue,Home,"Must de Cartier black calfskin pouch. Zipped closure, palladium-finish metal parts. Exterior: embossed double C logo, one zipped pocket, detachable handle. Interior: black fabric lining, one flat pocket, eight credit card slots. Embossed silver-coloured Cartier signature. Dimensions: 160 mm high x 250 mm wide x 50 mm deep. Hand and wrist carry with detachable handle.",,aeid5482,€,L1002261,1.350,"Square Pouch, Must de Cartier",aeid5482_cartier,2022-11-04 14:21:43.034108,https://www.cartier.com,https://www.cartier.com/en-gr/square-pouch-must-de-cartier_cod17266703523789586.html,Greece,Bag
InStock,"Black,Red",Home/Bags for her,"Micro chain bag in pale pink calfskin, golden and pale pink enamel-finish clasp, golden hot-stamped “Cartier” signature inside. One inside compartment. One loop on the back. Lining: black lambskin. Removable chain. Dimensions: 80 mm high x 120 mm wide x 40 mm deep. Crossbody, shoulder or belt carry.",,aeid5482,€,L3002035,1.180,"Chain bag micro, Double C de Cartier",aeid5482_cartier,2022-11-04 14:21:43.034108,https://www.cartier.com,https://www.cartier.com/en-gr/chain-bag-micro-double-c-de-cartier_cod1647597286075150p.html,Greece,Bag
InStock,"Grey,Blue,Black",Home,"Must de Cartier pouch in taupe calfskin, large model. Zipped closure, palladium-finish metal parts. Exterior: embossed double C logo, one zipped pocket, detachable handle. Interior: black fabric lining, one zipped pocket, one flat pocket with embossed silver-coloured Cartier signature. Dimensions: 250 mm high x 350 mm wide x 40 mm deep. Hand and wrist carry with detachable handle.",,aeid5482,€,L1002349,1.350,"Pouch large model, Must de Cartier",aeid5482_cartier,2022-11-04 14:21:43.034108,https://www.cartier.com,https://www.cartier.com/en-gr/pouch-large-model-must-de-cartier_cod1647597286075025.html,Greece,Bag
InStock,,Home/Bags for her,"Mini model chain bag in pale pink calfskin, gold and pale pink enamel-finish clasp, silver hot-stamped “Cartier” signature inside. One interior compartment, six credit card slots, one flat pocket and one signature pocket with removable mirror. Lining: black lambskin. Removable chain. Dimensions: 120 mm high x 200 mm wide x 35 mm deep. Shoulder and cross-body carry.",,aeid5482,€,L1002370,2.750,"Mini model chain bag, Double C de Cartier",aeid5482_cartier,2022-11-04 14:21:43.034108,https://www.cartier.com,https://www.cartier.com/en-gr/mini-model-chain-bag-double-c-de-cartier_cod42247633209194362.html,Greece,Bag
InStock,Grey,Home/Bags for her,"Mini shoulder bag in pale pink calfskin, golden and pale pink enamel-finish clasp, golden hot-stamped “Cartier” signature inside. Three inside compartments, one flat pocket and one signature pocket with removable mirror. Lining: black lambskin. Dimensions: 160 mm high x 190 mm wide x 70 mm deep. Shoulder and cross-body carry.",,aeid5482,€,L1002364,2.640,"Mini model shoulder bag, Double C de Cartier",aeid5482_cartier,2022-11-04 14:21:43.034108,https://www.cartier.com,https://www.cartier.com/en-gr/mini-model-shoulder-bag-double-c-de-cartier_cod1647597286075061.html,Greece,Bag
InStock,"Grey,Blue,Black",Home,"Must de Cartier document holder in taupe calfskin, small model. Zipped closure, palladium-finish metal parts. Exterior: embossed double C logo, one zipped pocket. Interior: black fabric lining, one laptop compartment, one zipped pocket, two additional compartments. Embossed silver-coloured Cartier signature. Dimensions: 270 mm high x 350 mm wide x 60 mm deep. Hand and shoulder carry with adjustable and detachable strap.",,aeid5482,€,L1002348,2.580,"Document holder small model, Must de Cartier",aeid5482_cartier,2022-11-04 14:21:43.034108,https://www.cartier.com,https://www.cartier.com/en-gr/document-holder-small-model-must-de-cartier_cod1647597286075022.html,Greece,Bag
InStock,Pink,Home/Bags for her,"Mini shoulder bag in grey calfskin, golden and grey enamel-finish clasp, golden hot-stamped “Cartier” signature inside. Three inside compartments, one flat pocket and one signature pocket with removable mirror. Lining: black lambskin. Dimensions: 160 mm high x 190 mm wide x 70 mm deep. Shoulder and cross-body carry.",,aeid5482,€,L1002346,2.640,"Mini model shoulder bag, Double C de Cartier",aeid5482_cartier,2022-11-04 14:21:43.034108,https://www.cartier.com,https://www.cartier.com/en-gr/mini-model-shoulder-bag-double-c-de-cartier_cod1647597286075019.html,Greece,Bag
InStock,"Black,Blue,White,Grey",Home/Bags for her,"Small chain bag in red calfskin, golden-finish clasp, golden hot-stamped “Cartier” signature on the inside. Two inside compartments, one flat pocket and one signature pocket with removable mirror. One pocket on the back. Lining: black lambskin. Dimensions: 160 mm high x 235 mm wide x 105 mm deep. Shoulder and cross-body carry.",,aeid5482,€,L1002356,3.450,"Chain bag small, Panthère de Cartier",aeid5482_cartier,2022-11-04 14:21:43.034108,https://www.cartier.com,https://www.cartier.com/en-gr/chain-bag-small-panthere-de-cartier_cod1647597286075040.html,Greece,Bag
InStock,Burgundy,Home/Bags for her,"Must de Cartier tote bag in black calfskin, signature Cartier medallion. Interior: Two flat pockets, one zipped pocket and one signature pocket with removable mirror. Fastening system with push buttons. Lining in burgundy lambskin. Dimensions: 285 mm high x 310 mm long x 170 mm deep. Two handles for hand or shoulder carry.",,aeid5482,€,L1002279,2.210,"Tote Bag, Must de Cartier",aeid5482_cartier,2022-11-04 14:21:43.034108,https://www.cartier.com,https://www.cartier.com/en-gr/tote-bag-must-de-cartier_cod343549805672111.html,Greece,Bag
